"","X","Forest","site","richness","sw_diversity","evenness","avg","sd","sw_div_h","richness_h","evenness_h","evenness_h_log","sd_log","log_1_SD","harvest_total_mean","harvest_total_sd","harvest_total_cv","n","prop_days_below_threshold","synchrony_loreau","synchrony_gross"
"1",1,"Chugach","Chenega_1984",37,2.22644117407252,0.616585928546387,25,22.8269230066153,1.03767373918717,4,0.748523378793022,-0.289652841417816,3.1279406729482,-3.1279406729482,0.485393544652877,0.218187258460619,0.449505892412831,50,13.6986301369863,0.106899294750744,-0.0123223141589265
"2",2,"Chugach","Chenega_1985",37,2.50019801340047,0.692399570936137,25,21.0916457968236,1.07825715125222,4,0.777798122457316,-0.251288271177885,3.04887702827971,-3.04887702827971,0.552938419421164,0.243724937528076,0.440781340141305,53,14.5205479452055,0.0927451286815331,0.0433878158817852
"3",3,"Chugach","Chenega_1989",19,2.02730781206485,0.68852091227198,25,26.8584641816534,0.923900366487084,4,0.666453238503206,-0.405785301609823,3.29058101081749,-3.29058101081749,0.186544522358082,0.264566170154028,1.41824679068399,294,80.5479452054795,0.40536173509733,0.292926207731726
"4",4,"Chugach","Chenega_1990",27,2.33456663251371,0.708338042029365,25,17.1475059682042,1.11499518737764,4,0.804299013722392,-0.217784171328751,2.84185273844226,-2.84185273844226,0.189033066798973,0.124230485257038,0.657189175210025,280,76.7123287671233,0.153818734062796,0.101324024583182
"5",5,"Chugach","Chenega_1991",34,2.68647414342139,0.761826286526334,25,18.4621121948308,1.14184423158197,4,0.823666505185487,-0.19398955771327,2.91572064261757,-2.91572064261757,0.444042075853562,0.456294552185618,1.02759305254689,176,48.2191780821918,0.292852413831309,0.264684809879445
"6",6,"Chugach","Chenega_1992",39,2.58772434817993,0.706341150534132,25,16.1793699696839,1.21564951359429,4,0.876905762360783,-0.131355746932316,2.78373697203932,-2.78373697203932,0.533182296949726,0.575873477542996,1.08006863850788,159,43.5616438356164,0.270217514003875,0.194566442061528
"7",7,"Chugach","Chenega_1993",36,2.6181092822547,0.730597305949403,25,22.7418687073562,1.01152533930499,4,0.729661295374419,-0.315174831450386,3.12420766205053,-3.12420766205053,0.361339138254931,0.369234547217115,1.02185041177746,249,68.2191780821918,0.332025906874673,0.283915729370749
"8",8,"Chugach","Chenega_1997",46,2.76375111317902,0.721862098579775,25,14.9973775757954,1.23296803015758,4,0.889398431341487,-0.11720996463378,2.70787535753766,-2.70787535753766,0.712053030582466,0.717576064244479,1.00775649203753,139,38.0821917808219,0.246137074743479,0.243085053361355
"9",9,"Chugach","Chenega_2003",45,2.60112056376683,0.68330737772441,25,20.3920401299229,1.1036574814896,4,0.796120587692524,-0.228004612535485,3.0151446349967,-3.0151446349967,0.603500147896845,0.575887361424943,0.954245601151664,128,35.0684931506849,0.25947679685748,0.23368135871749
"10",10,"Chugach","Chenega_2014",29,2.54079268785219,0.754549886952579,25,18.8295518670855,1.15752273478722,4,0.834976154596876,-0.180352111908062,2.93542754350565,-2.93542754350565,0.312121648526198,0.420486357639765,1.34718741755098,255,69.8630136986301,0.359341062323868,0.35726154464269
"11",11,"Chugach","Cordova_1985",50,2.76380470096372,0.706489889535106,25,15.2080154287438,1.2225579847488,4,0.881889170898149,-0.125688887448857,2.72182261970059,-2.72182261970059,0.199015205736027,0.21002583384804,1.05532556204081,267,73.1506849315068,0.234003856720337,0.150033987135031
"12",12,"Chugach","Cordova_1988",50,2.65811044716679,0.679472089882529,25,13.5977745288072,1.25270345644075,4,0.903634532155765,-0.101330278921336,2.60990614176421,-2.60990614176421,0.289183776657329,0.273535725739791,0.945888904632159,220,60.2739726027397,0.236482053076518,0.212012968423315
"13",13,"Chugach","Cordova_1991",52,2.51737527355886,0.637109592030593,25,19.6226421970184,1.11238912534499,4,0.802419137337014,-0.220124192497916,2.97668411362366,-2.97668411362366,0.231872691387534,0.264949759216848,1.14265184757799,256,70.1369863013699,0.258722800606955,0.178218050059475
"14",14,"Chugach","Cordova_1992",34,2.3061239205626,0.65396714387665,25,17.3200004798075,1.17123549923866,4,0.844867823232359,-0.16857508607042,2.8518619308368,-2.8518619308368,0.202538313596164,0.227662622997413,1.12404719361564,264,72.3287671232877,0.254541801060691,0.239261101803214
"15",15,"Chugach","Cordova_1993",49,2.59245529623846,0.666129239702313,25,18.690825005318,1.14354396224457,4,0.824892601684376,-0.192502080898092,2.92803276202981,-2.92803276202981,0.15799927101863,0.172209351075588,1.08993763050516,281,76.986301369863,0.262858456854899,0.23846686560501
"16",16,"Chugach","Cordova_1997",57,2.72864973852657,0.674898624272957,25,16.7437912287954,1.14616504610956,4,0.826783314031265,-0.190212632762708,2.81802751664716,-2.81802751664716,0.220038901405822,0.229349216688212,1.04231213309513,254,69.5890410958904,0.244600799364271,0.214211531556618
"17",17,"Chugach","Cordova_2003",58,2.5518912440464,0.62847606466049,25,19.9926040582005,1.08581631641451,4,0.783250907503764,-0.244302190511804,2.99536240807221,-2.99536240807221,0.215272171047595,0.243455498668448,1.13091951218637,262,71.7808219178082,0.248146025048181,0.152465089392528
"18",18,"Chugach","Cordova_2014",47,2.29328373078882,0.595635276364534,25,20.1241237235778,1.06996263025877,4,0.771814890305423,-0.259010537106157,3.00191928067109,-3.00191928067109,0.144127183155669,0.202602631607588,1.40572116356955,287,78.6301369863014,0.303824040266551,0.197280641449981
"19",19,"Chugach","Nanwalek_1987",36,2.80079114517171,0.781575650435485,25,21.4454761233992,1.10202143503971,4,0.794940429642564,-0.229488098402507,3.06551371979276,-3.06551371979276,0.354584961457808,0.336109493659734,0.947895512200755,257,70.4109589041096,0.286038608016045,0.149762812162712
"20",20,"Chugach","Nanwalek_1989",33,2.55886893875531,0.73183566566694,25,17.9712122919979,1.20923667191846,4,0.872279874918916,-0.136644949093168,2.8887711605121,-2.8887711605121,0.183369375768082,0.167915387680378,0.915722088146007,297,81.3698630136986,0.225758514455231,0.135048795085307
"21",21,"Chugach","Nanwalek_1990",40,2.65158549920967,0.718805136408713,25,28.1679703699508,0.966180554026299,4,0.696951946948546,-0.361038813283282,3.33818552994758,-3.33818552994758,0.223415989804384,0.260524129886806,1.16609437898744,285,78.0821917808219,0.40040527362001,0.187660492817761
"22",22,"Chugach","Nanwalek_1991",32,2.54901524347506,0.735490330182368,25,24.8189276701991,1.04678555961143,4,0.755096167862797,-0.280910163191864,3.2116065745804,-3.2116065745804,0.324402428070479,0.386926142841544,1.19273503944761,263,72.0547945205479,0.411725129304939,0.241028331902806
"23",23,"Chugach","Nanwalek_1992",38,2.69194348608505,0.740035663179325,25,21.693046133553,1.11578135807643,4,0.804866116006608,-0.217079330915275,3.07699175451486,-3.07699175451486,0.356725544628562,0.348866182304919,0.977968041700443,246,67.3972602739726,0.287199974535863,0.185604920438834
"24",24,"Chugach","Nanwalek_1993",40,2.5884959984754,0.701702517166462,25,23.2316664353198,1.06277657106492,4,0.766631244324168,-0.265749369855833,3.14551628055549,-3.14551628055549,0.389623418641781,0.428408271060857,1.0995444589914,255,69.8630136986301,0.342165964901048,0.18720785250324
"25",25,"Chugach","Nanwalek_1997",43,2.55056123137419,0.678124309507491,25,28.5715703897282,0.923351646054685,4,0.666057420379878,-0.406379395371598,3.35241218112089,-3.35241218112089,0.329168254752534,0.372272177588895,1.13094799457124,267,73.1506849315068,0.331854116607211,0.228243181890725
"26",26,"Chugach","Nanwalek_2003",38,2.22900497370865,0.612770358098215,25,36.2904848043107,0.706982866423792,4,0.509980337691535,-0.673383107552983,3.59155558030661,-3.59155558030661,0.488438009901662,0.752495718836819,1.5406166260245,260,71.2328767123288,0.501976800046066,0.261997813496422
"27",27,"Chugach","Nanwalek_2014",44,2.25277162090672,0.595311503608274,25,32.7305613067677,0.821677879909028,4,0.592715301276456,-0.523041094296748,3.48830923797703,-3.48830923797703,0.315896177484925,0.47193407444798,1.49395310258384,278,76.1643835616438,0.494366671063744,0.141293429342591
"28",28,"Chugach","Port Graham_1987",38,2.70701137235952,0.744177939296738,25,19.5907533581902,1.13198617088031,4,0.816555417541955,-0.20266049680874,2.97505768747993,-2.97505768747993,0.289196203845548,0.292224452468326,1.01047125993533,275,75.3424657534247,0.313105987433596,0.153196039878208
"29",29,"Chugach","Port Graham_1989",35,2.49927635271285,0.702962497479319,25,24.6611980573202,0.989941042138605,4,0.714091516132909,-0.336744151000505,3.20523107957799,-3.20523107957799,0.156681989067397,0.156177234409686,0.996778476832496,295,80.8219178082192,0.382650227439359,0.202957742553977
"30",30,"Chugach","Port Graham_1990",38,2.44712319590896,0.672732710224803,25,23.5347469247703,1.00471012575185,4,0.724745157976561,-0.321935192159487,3.1584779216519,-3.1584779216519,0.264869982906507,0.309178070945869,1.16728240608149,258,70.6849315068493,0.453538144745043,0.26828597205055
"31",31,"Chugach","Port Graham_1991",42,2.66499577372815,0.713009989083017,25,23.3153919468079,1.02458022774883,4,0.739078406783062,-0.302351265173401,3.14911374104791,-3.14911374104791,0.357455641936438,0.386768457263735,1.08200406396861,247,67.6712328767123,0.389563171206142,0.19840793913295
"32",32,"Chugach","Port Graham_1992",41,2.57986256696566,0.69471186249395,25,21.6722422545606,1.07702726011032,4,0.776910943531695,-0.252429550972705,3.07603228294847,-3.07603228294847,0.34835894016,0.363691288393045,1.04401307520916,245,67.1232876712329,0.383543358018932,0.193617360142162
"33",33,"Chugach","Port Graham_1993",40,2.60051792311751,0.704961480976926,25,26.6604653912467,1.0004766536292,4,0.721691353358013,-0.326157719912341,3.28318177113408,-3.28318177113408,0.268253284899178,0.301607913339423,1.12434005590195,258,70.6849315068493,0.42089536769271,0.165619523207886
"34",34,"Chugach","Port Graham_1997",38,2.43620878385082,0.669732255643415,25,26.1044518346127,0.945925225100716,4,0.68234081565229,-0.382226016266536,3.26210586815948,-3.26210586815948,0.319291746915342,0.380357304584092,1.19125316660609,245,67.1232876712329,0.446887487926234,0.279604976527681
"35",35,"Chugach","Port Graham_2003",44,2.35206206324818,0.621549734761254,25,26.7621496705008,0.910805598208779,4,0.657007359874856,-0.420060058315438,3.28698856351721,-3.28698856351721,0.583795720371908,0.750514184536603,1.28557671518812,183,50.1369863013699,0.44199233878216,0.196986426593788
"36",36,"Chugach","Port Graham_2014",37,2.40630004617209,0.666395665696536,25,23.8434847629386,1.01977375984871,4,0.735611273081212,-0.307053461354156,3.17151100445698,-3.17151100445698,0.275056993372185,0.374083633347699,1.36002225851978,266,72.8767123287671,0.437980168178243,0.197050337921327
"37",37,"Chugach","Tatitlek_1987",33,2.58811611562746,0.740200348527768,25,17.7515164439879,1.15298129191222,4,0.831700196039754,-0.184283244397827,2.8764709457363,-2.8764709457363,0.484408689986507,0.301319582334269,0.622035872937503,92,25.2054794520548,0.132667972480426,0.0704342972943242
"38",38,"Chugach","Tatitlek_1988",36,2.71053318386287,0.756388686766826,25,14.7840120795801,1.2406310702296,4,0.894926146296509,-0.111014082216547,2.69354633197016,-2.69354633197016,0.877937352526164,0.610836225733612,0.695762885558976,33,9.04109589041096,0.152975358436315,0.158253866781996
"39",39,"Chugach","Tatitlek_1989",28,2.01191755496262,0.603779734652852,25,18.5690203659177,1.07906311507232,4,0.778379502460516,-0.250541081370065,2.92149462038762,-2.92149462038762,0.295763972819383,0.246353872777343,0.832940775135537,241,66.027397260274,0.225840242525332,0.0949427632406117
"40",40,"Chugach","Tatitlek_1990",23,2.46788334019872,0.787079538422113,25,14.4041090036754,1.24913341183694,4,0.901059289332935,-0.104184219617656,2.66751351335557,-2.66751351335557,0.187725105238904,0.152930247783897,0.814649950997624,271,74.2465753424657,0.202081051721721,0.0754972695906926
"41",41,"Chugach","Tatitlek_1991",31,2.39049359596729,0.696127694606739,25,14.2497793113753,1.26452699778071,4,0.912163414384221,-0.091936122520223,2.6567414196737,-2.6567414196737,0.457475866318493,0.421278690706369,0.920876316594757,184,50.4109589041096,0.226884396701366,0.105025355710457
"42",42,"Chugach","Tatitlek_1993",35,2.51258943953974,0.706707021671223,25,16.9615608528861,1.13372570627761,4,0.817810227087521,-0.201124965520202,2.8309496575493,-2.8309496575493,0.365191566602877,0.287673371028912,0.787732788314193,202,55.3424657534247,0.185881817614228,0.177596655400197
"43",43,"Chugach","Tatitlek_1997",36,2.49815995694522,0.697124809397967,25,20.9555028686168,1.13935608802135,4,0.821871688997529,-0.196170992220285,3.04240127863702,-3.04240127863702,0.598356685565206,0.244222023152527,0.408154582449155,27,7.3972602739726,0.0809990949886331,0.00661589079484323
"44",44,"Chugach","Tatitlek_2003",32,2.36322783679161,0.681883416126002,25,20.1694533251484,1.14675879182903,4,0.827211611033778,-0.189694738776946,3.00416924823483,-3.00416924823483,0.419428719388268,0.230557412561304,0.549693909605353,121,33.1506849315069,0.12510559896906,0.0387703629319839
"45",45,"Chugach","Tatitlek_2014",26,2.42823202720682,0.745291613943825,25,22.372748249751,1.03758419549231,4,0.748458786670763,-0.289739137866484,3.10784362221405,-3.10784362221405,0.421576953836765,0.2436737469546,0.578005378939547,107,29.3150684931507,0.141679171469227,0.147471870526813
"46",46,"Chugach","Valdez_1991",46,2.6765774923844,0.699093285372418,25,17.321808229014,1.12203436694299,4,0.809376708447817,-0.211490823272905,2.85196629889814,-2.85196629889814,0.110148382780685,0.132605468175526,1.20388030062643,306,83.8356164383562,0.293788319174021,0.219870034548297
"47",47,"Chugach","Valdez_1992",38,2.48207018963376,0.682339903619068,25,18.8471994203469,1.08786663348752,4,0.784729898640506,-0.242415698573163,2.93636433099124,-2.93636433099124,0.128310718363014,0.159816076802052,1.2455395686423,291,79.7260273972603,0.323048406764876,0.303856293240252
"48",48,"Chugach","Valdez_1993",34,2.71402949154424,0.769640390594961,25,15.9306967863207,1.15260287013226,4,0.831427222427096,-0.184611509823649,2.76824786347514,-2.76824786347514,0.100461389563836,0.10705794329913,1.06566257707498,330,90.4109589041096,0.255106984026273,0.246129763622615
"49",49,"Tongass","Angoon_1984",39,2.54913223619268,0.695807108605828,25,11.0319780235074,1.30009442570427,4,0.937819890325469,-0.0641973629914635,2.40079814842116,-2.40079814842116,0.280444356542192,0.212666501034694,0.758319773864656,220,60.2739726027397,0.159525292275178,0.117725910981824
"50",50,"Tongass","Angoon_1987",30,2.37304531454066,0.697708791420086,25,9.81766518797052,1.31814557890786,4,0.950841044930044,-0.05040837559103,2.28418333319764,-2.28418333319764,0.324107282350274,0.20375710451685,0.628671787438094,217,59.4520547945205,0.130413867935482,0.0591362837261201
"51",51,"Tongass","Angoon_1996",38,2.39761240625482,0.659121818968864,25,9.25138425427322,1.33467906094713,4,0.962767431203382,-0.0379434008126111,2.22477318943864,-2.22477318943864,0.284818726795342,0.214308932119137,0.752439751874637,233,63.8356164383562,0.161776631933251,0.166964232654982
"52",52,"Tongass","Angoon_2012",30,2.4325912545224,0.71521613759846,25,9.93706910654116,1.32305048713015,4,0.954379188314198,-0.0466942144774703,2.2962721186923,-2.2962721186923,0.230462205524657,0.182146311916233,0.7903522033106,242,66.3013698630137,0.183357042274973,0.115392366160115
"53",53,"Tongass","Coffman Cove_1987",30,2.07963781029021,0.6114428470111,25,15.5772611511022,1.20434953821031,4,0.868754553136463,-0.14069464109648,2.74581223237709,-2.74581223237709,0.227106864705479,0.205710176071823,0.905785812941393,224,61.3698630136986,0.249575419050742,0.0895226497427825
"54",54,"Tongass","Coffman Cove_1998",48,2.71208167861342,0.70057888261849,25,6.25045597022486,1.3604027736929,4,0.98132316760917,-0.0188534469490526,1.83265441632318,-1.83265441632318,0.343381851278219,0.281005399123745,0.818346683372224,191,52.3287671232877,0.192708277545872,0.168984129492428
"55",55,"Tongass","Craig_1987",34,2.7171314552723,0.770520040791363,25,3.34841198997545,1.37941580766148,4,0.995038172518528,-0.00497417821920762,1.20848620060474,-1.20848620060474,0.233162012165274,0.157261289083853,0.674472173333192,239,65.4794520547945,0.112297541141514,0.0859631863619446
"56",56,"Tongass","Craig_1997",54,2.88226866738071,0.722557080633907,25,9.2666652048777,1.32616895938383,4,0.956628690541968,-0.0443399559820934,2.22642357428146,-2.22642357428146,0.296450574968493,0.236890385554853,0.799088973195716,205,56.1643835616438,0.183064090499318,0.194633844502669
"57",57,"Tongass","Edna Bay_1987",37,2.78691806929918,0.771803219214796,25,10.6689450837106,1.31311092281649,4,0.947209308242237,-0.0542351877868334,2.36733719291991,-2.36733719291991,0.593783480300548,0.44174512060721,0.743949832325442,138,37.8082191780822,0.163858447497935,0.144448343921556
"58",58,"Tongass","Edna Bay_1998",30,2.35782703941923,0.693234403898949,25,20.5041908041134,1.086931666465,4,0.784055462497114,-0.243275518152884,3.02062929472045,-3.02062929472045,0.477489852945479,0.475077150532623,0.994947112702032,182,49.8630136986301,0.322978215716769,0.216884081859088
"59",59,"Tongass","Haines_1983",42,2.86275558674957,0.765919912435805,25,20.2631705792676,1.05452883340286,4,0.760681759212365,-0.273540196216867,3.00880498111098,-3.00880498111098,0.159826067686849,0.170333853593396,1.06574513193389,289,79.1780821917808,0.246484229356042,0.237000190395083
"60",60,"Tongass","Haines_1987",28,2.47816609422103,0.74370168057024,25,18.5924811984929,1.14643425730296,4,0.826977508858101,-0.189977780388603,2.92275726235333,-2.92275726235333,0.123647415983767,0.124759328164864,1.00899260346244,308,84.3835616438356,0.270384906540223,0.248972403258255
"61",61,"Tongass","Haines_1996",45,2.6637088471859,0.699749151479572,25,24.7107024819492,1.02378607137941,4,0.738505544055136,-0.303126669855218,3.20723644865143,-3.20723644865143,0.245946482045753,0.283540862151189,1.15285593757117,240,65.7534246575342,0.343611307404962,0.259292208466006
"62",62,"Tongass","Haines_2012",37,2.73459091111358,0.757311846258803,25,17.7188693757087,1.18632544465908,4,0.855752917945026,-0.155773591767518,2.87463013815873,-2.87463013815873,0.168481604281507,0.200796862369459,1.19180288688348,284,77.8082191780822,0.298426533615826,0.320476607236555
"63",63,"Tongass","Hollis_1987",33,2.77567258087728,0.793841435227192,25,6.09587355495555,1.36281824300888,4,0.983065560410964,-0.0170794668463525,1.8076120758719,-1.8076120758719,0.227153466661301,0.144076233036807,0.634268255529785,260,71.2328767123288,0.118896902795804,0.159163835379117
"64",64,"Tongass","Hollis_1998",35,2.59282912215967,0.729275749467263,25,8.58106027554449,1.33822402476266,4,0.965324582061778,-0.0352908797294699,2.14955748110337,-2.14955748110337,0.209037733034794,0.193074449530383,0.923634440190974,245,67.1232876712329,0.236870567235853,0.222205325610168
"65",65,"Tongass","Hoonah_1985",36,2.56150669894686,0.714802054332225,25,6.95957164490291,1.35589126152342,4,0.978068799492258,-0.0221752642924646,1.94011792717977,-1.94011792717977,0.266824158253973,0.18747597597341,0.702619947159972,208,56.986301369863,0.140735800150563,0.113575694435271
"66",66,"Tongass","Hoonah_1987",33,2.53233166956015,0.724246015500694,25,7.8589988579737,1.34499574766106,4,0.970209347583679,-0.0302434085197645,2.06165922656957,-2.06165922656957,0.513547339563425,0.28519337484976,0.555339990841366,86,23.5616438356164,0.109721756401201,0.0948772930828509
"67",67,"Tongass","Hoonah_1996",41,2.8493699461948,0.767285485514635,25,9.61718272592775,1.32524101654417,4,0.955959321275463,-0.0450399178031431,2.26355136585428,-2.26355136585428,0.482671990432877,0.359219730741829,0.744231564834887,165,45.2054794520548,0.167519909612439,0.173547172585764
"68",68,"Tongass","Hoonah_2012",35,2.67707699193197,0.75297184569054,25,1.89781969502978,1.38412690847772,4,0.998436513410886,-0.00156471010974285,0.640705698325245,-0.640705698325245,0.434640907965753,0.315336009043545,0.725509272745195,147,40.2739726027397,0.130038095504891,0.208036774320847
"69",69,"Tongass","Hoonah_2016",20,2.08971212588378,0.697563044712487,25,8.8444262191705,1.33889511548591,4,0.965808671690991,-0.0347895268182589,2.17978745486544,-2.17978745486544,0.294325076383328,0.339575762918778,1.15374390483982,216,59.1780821917808,0.230735363211246,0.167197743084118
"70",70,"Tongass","Hydaburg_1987",33,2.65674016664799,0.759826804302326,25,13.1850830740769,1.28978843072411,4,0.930385686400817,-0.0721560622459615,2.5790861204359,-2.5790861204359,0.418600514771849,0.38745882840633,0.925605236337341,179,49.041095890411,0.192540964504674,0.16850637961387
"71",71,"Tongass","Hydaburg_1997",39,2.65028721311339,0.723418211322655,25,10.4279898696415,1.31708545670384,4,0.950076328406806,-0.0512129519237182,2.34449352461331,-2.34449352461331,0.487854127920274,0.498585945427467,1.02199800492197,154,42.1917808219178,0.279676756208147,0.254857972038554
"72",72,"Tongass","Hydaburg_2012",33,2.54534078688639,0.727966618730502,25,12.0288152225089,1.30310132122989,4,0.939988906957107,-0.0618872048971814,2.48730503989211,-2.48730503989211,0.666842919841096,0.736228281519502,1.10405053366232,143,39.1780821917808,0.280157561205767,0.289962815498385
"73",73,"Tongass","Kake_1985",30,2.61849936457041,0.769875743962487,25,8.97213792699798,1.33703490740337,4,0.964466815203141,-0.0361798534458444,2.19412398958906,-2.19412398958906,0.287530960624178,0.202682193817123,0.704905633039088,197,53.972602739726,0.154058552437212,0.253601938939926
"74",74,"Tongass","Kake_1987",26,2.52464353693778,0.774882974606669,25,8.62240423364863,1.33572838069824,4,0.963524355403999,-0.0371575133942695,2.1543639592028,-2.1543639592028,0.21681093926589,0.133138956920047,0.614078594792532,269,73.6986301369863,0.123857013341506,0.132230930761457
"75",75,"Tongass","Kake_1996",39,2.34059628294782,0.638885464209543,25,8.35635510369531,1.3399653269006,4,0.966580666041326,-0.0339905217975512,2.12302233964335,-2.12302233964335,0.230552302639247,0.19410262408929,0.841902778099809,266,72.8767123287671,0.184492372184741,0.133356565401332
"76",76,"Tongass","Kasaan_1987",25,2.52796926766031,0.785357809745215,25,8.04798237323134,1.34636297121942,4,0.971195590907395,-0.0292273985272047,2.08542142315013,-2.08542142315013,0.224956961143562,0.131533449719762,0.584704954454913,264,72.3287671232877,0.109777881404559,0.0430055731106294
"77",77,"Tongass","Kasaan_1998",29,2.114718213258,0.628016758856171,25,15.4515061783045,1.2546889929999,4,0.905066794029465,-0.0997465324482871,2.73770648586108,-2.73770648586108,0.578165611506096,0.556829207814308,0.963096380574751,146,40,0.292799995991826,0.183001752810446
"78",78,"Tongass","Klawock_1984",45,2.94958805056078,0.77484884948094,25,7.94116482391005,1.3491605057493,4,0.973213585503877,-0.0271517085484641,2.0720599677624,-2.0720599677624,0.281876589984452,0.209682288001853,0.743879752530777,205,56.1643835616438,0.162530968036997,0.198736196349082
"79",79,"Tongass","Klawock_1987",35,2.69406593266956,0.757750264130527,25,9.81803266961202,1.33321196342587,4,0.961709144044173,-0.0390432191003431,2.28422076315243,-2.28422076315243,0.31032863741226,0.229788396903903,0.740467907892875,221,60.5479452054795,0.160751226101026,0.169236783202388
"80",80,"Tongass","Klawock_1997",44,2.86722621637441,0.757685658951928,25,8.56634183178161,1.34065143069331,4,0.967075585310963,-0.033478621835912,2.14784078404507,-2.14784078404507,0.413057988826096,0.316107800739931,0.765286737676482,147,40.2739726027397,0.164971851608441,0.202385996844569
"81",81,"Tongass","Klukwan_1983",26,2.1181088757338,0.650106235655021,25,38.471290139571,0.608151594075858,4,0.438688644440979,-0.82396535571079,3.64991225245275,-3.64991225245275,0.21386258886089,0.332982392928002,1.55699224769319,282,77.2602739726027,0.466462990610055,0.190623445175674
"82",82,"Tongass","Klukwan_1987",24,2.1165968694602,0.666004096358703,25,40.2163587929349,0.545611096053588,4,0.393575211265252,-0.932483095296345,3.69427384799696,-3.69427384799696,0.301890576611438,0.427895076962086,1.41738467548402,262,71.7808219178082,0.512630779755852,0.328439892474345
"83",83,"Tongass","Klukwan_1996",33,1.93516538155327,0.55345665568692,25,39.8470213211908,0.575377290854912,4,0.415046982078254,-0.879363555332069,3.68504765517,-3.68504765517,0.759524889579726,1.07599923255639,1.41667409102522,185,50.6849315068493,0.506191391301243,0.303893515495337
"84",84,"Tongass","Klukwan_2014",25,1.5316322917588,0.475828324884671,25,41.51764865679,0.49485027522858,4,0.356959019027406,-1.030134296432,3.7261186056738,-3.7261186056738,0.565326112457308,1.02845877397107,1.81923097360683,222,60.8219178082192,0.606061313983276,0.346161251529795
"85",85,"Tongass","Petersburg_1987",34,2.57491594106399,0.730190779725867,25,9.32813253195381,1.32910935572006,4,0.958749738148225,-0.0421251994185961,2.23303483747824,-2.23303483747824,0.246356579256986,0.203668879018229,0.826723928512468,230,63.013698630137,0.191345983380207,0.154389706329073
"86",86,"Tongass","Petersburg_2000",40,2.76795801443683,0.750351983269587,25,16.825509575913,1.20109128605236,4,0.866404221021346,-0.14340371139893,2.82289616190205,-2.82289616190205,0.20637856029563,0.173019577067101,0.838360228985301,251,68.7671232876712,0.272233035745551,0.314968030600612
"87",87,"Tongass","Point Baker_1987",27,2.52167011343146,0.765107684619286,25,9.53954415955369,1.32696194230913,4,0.957200706808884,-0.0437421845352329,2.25544570230116,-2.25544570230116,0.431080518540959,0.326757031305762,0.757995356439925,168,46.027397260274,0.171793356213799,0.213207670747563
"88",88,"Tongass","Point Baker_1996",33,2.6863422618613,0.768292993690714,25,12.9568225927113,1.27243084669785,4,0.917864836202565,-0.0857051364542231,2.56162249054949,-2.56162249054949,0.36416321677774,0.344350008878342,0.945592506363733,188,51.5068493150685,0.28902529999969,0.323735165765563
"89",89,"Tongass","Port Protection_1987",32,2.68462374132155,0.774618671651476,25,11.6055447236642,1.30230910307877,4,0.939417442358145,-0.0624953380098345,2.45148297732918,-2.45148297732918,0.374412540261507,0.32753039008673,0.874784775792949,181,49.5890410958904,0.23876176127455,0.240478163429772
"90",90,"Tongass","Port Protection_1996",43,2.80078573245764,0.744652144609747,25,9.88234789356781,1.32855595918013,4,0.958350546926328,-0.0425416525700291,2.29075012457699,-2.29075012457699,0.56804055990452,0.366891555079405,0.645889714532136,111,30.4109589041096,0.144092556271357,0.137595977908686
"91",91,"Tongass","Saxman_1987",30,2.68885507369394,0.790561314727317,25,8.47975101475268,1.3442466268746,4,0.969668971161851,-0.0308005325729417,2.13768108790491,-2.13768108790491,0.117064113024658,0.0950768020511249,0.81217718730845,325,89.041095890411,0.165571349316765,0.123230683237998
"92",92,"Tongass","Saxman_1999",37,2.65846750693202,0.736230391065651,25,10.7397050168537,1.31867082731339,4,0.951219931564986,-0.0500099796987477,2.37394762286123,-2.37394762286123,0.276741146228159,0.262617961113561,0.948966081455218,253,69.3150684931507,0.23403421339111,0.23021143728476
"93",93,"Tongass","Sitka_1987",38,2.57866993347705,0.708895905209573,25,9.24797484251004,1.3258422949006,4,0.956393051926971,-0.0445863082434999,2.2244045916095,-2.2244045916095,0.181048598368151,0.14310661317766,0.790432041272485,264,72.3287671232877,0.188591307440173,0.161959398016817
"94",94,"Tongass","Sitka_1996",50,2.85353597102183,0.729427195868325,25,7.32657864021861,1.35005403130668,4,0.973858127949147,-0.0264896451387196,1.99150864570634,-1.99150864570634,0.263888235037192,0.204311789410559,0.774236067711634,222,60.8219178082192,0.156098157773375,0.134774750852152
"95",95,"Tongass","Sitka_2013",48,2.69099041878444,0.695130635480314,25,14.0545882735623,1.26306596238598,4,0.911109500124952,-0.0930921912231159,2.64294890998152,-2.64294890998152,0.221543130423565,0.185728596881658,0.838340581928972,244,66.8493150684932,0.219000227997306,0.222834985923059
"96",96,"Tongass","Tenakee Springs_1984",20,2.19258585283375,0.731903138404478,25,8.43817117403348,1.33687051309103,4,0.964348229773555,-0.0363028153960255,2.13276559958711,-2.13276559958711,0.332421071268904,0.3042560466357,0.915273046543971,209,57.2602739726027,0.273348329607657,0.231319086099797
"97",97,"Tongass","Tenakee Springs_1987",29,2.25501802975284,0.669682185233455,25,14.7283055617191,1.25505723503765,4,0.905332424510318,-0.0994530828267462,2.68977119070898,-2.68977119070898,0.420691389189726,0.397854185417461,0.945715067246205,186,50.958904109589,0.254353299390188,0.0546951206262796
"98",98,"Tongass","Thorne Bay_1987",33,2.42394248587783,0.693246745006666,25,10.0935984452166,1.32001215023933,4,0.952187491531733,-0.0489933186955961,2.31190140559483,-2.31190140559483,0.234721624286781,0.184138948087118,0.784499292072633,230,63.013698630137,0.203402874973252,0.21654396623475
"99",99,"Tongass","Thorne Bay_1998",41,2.66367229877553,0.717280357275916,25,12.7945394474783,1.27361477972131,4,0.918718863353411,-0.0847751192569573,2.54901847423773,-2.54901847423773,0.22876589433274,0.189749968571202,0.829450426273818,247,67.6712328767123,0.21536753410752,0.258028934005353
"100",100,"Tongass","Whale Pass_1987",27,2.41754490841257,0.733514735923036,25,9.38360421142481,1.3339082672248,4,0.962211421063004,-0.0385210800480845,2.23896393350356,-2.23896393350356,0.223729776306918,0.178052454463195,0.795837091523028,242,66.3013698630137,0.180252413512266,0.0833230773073255
"101",101,"Tongass","Whale Pass_1998",21,2.12885366101638,0.699240588487255,25,13.0873151376138,1.27880999090731,4,0.922466416060618,-0.0807043090844896,2.5716434509862,-2.5716434509862,0.229654438290411,0.202797406305531,0.883054592000011,223,61.0958904109589,0.239096518496957,0.169623858460878
"102",102,"Tongass","Whale Pass_2012",25,2.19033687589138,0.680466409722738,25,12.7489637916926,1.27393984701558,4,0.918953349840112,-0.0845199197863546,2.54544999706195,-2.54544999706195,0.306578733367123,0.303594293395671,0.99026533922078,197,53.972602739726,0.261443788652194,0.184587508709332
"103",103,"Tongass","Wrangell_1987",37,2.79717903015443,0.774644868098399,25,9.18438421637217,1.33025209801894,4,0.959574052472032,-0.0412657883237922,2.21750467410851,-2.21750467410851,0.196539088483356,0.149722982547339,0.76179748111541,253,69.3150684931507,0.202424447592715,0.187625544752989
"104",104,"Tongass","Wrangell_2000",40,2.70173022051259,0.732398619721647,25,9.7362546837387,1.32931539277149,4,0.9588983624644,-0.0419701925469759,2.27585651431378,-2.27585651431378,0.213151168817466,0.180304816905033,0.845901140985245,242,66.3013698630137,0.230970237601533,0.297022704857842
"105",105,"Tongass","Yakutat_1984",53,2.97156029033165,0.748448818130623,25,11.8559395013069,1.30438890213217,4,0.940917700248343,-0.0608996031064605,2.47282896574946,-2.47282896574946,0.472071598881918,0.394886331086056,0.836496692496071,170,46.5753424657534,0.185301808948517,0.231223648696775
"106",106,"Tongass","Yakutat_1987",36,2.4650944587336,0.687897706435909,25,24.8018634413795,1.05222195775053,4,0.759017700180581,-0.275730181462401,3.21091878911346,-3.21091878911346,0.507535687262397,0.517696508572967,1.02001991498445,189,51.7808219178082,0.297960048289949,0.25143922959112
"107",107,"Tongass","Yakutat_2000",52,2.7130629572194,0.686635183869002,25,15.189321938373,1.24016006180893,4,0.89458638554015,-0.111393806587734,2.72059267692623,-2.72059267692623,0.502965588794794,0.436618618266873,0.868088449774663,177,48.4931506849315,0.230976933869676,0.258594233050427
"108",108,"Tongass","Yakutat_2015",49,2.6193937139071,0.673051043795302,25,12.7118636520209,1.27049120104727,4,0.91646567762198,-0.08723066180681,2.54253570325028,-2.54253570325028,0.341336361980193,0.313932785326594,0.919716796374631,204,55.8904109589041,0.186502687627636,0.152761430226588
